	sentence	gold_amr	generated_amr
0	"Generate an Abstract Meaning Representation (AMR) graph for the following sentence: Maritime officials in Kenya stated that critical details have yet to be agreed upon.
AMR graph:"	"(s / state-01
      :ARG0 (o / official
            :topic (m / maritime)
            :location (c / country :wiki ""Kenya"" :name (n / name :op1 ""Kenya"")))
      :ARG1 (h / have-11
            :ARG1 (y / yet)
            :ARG2 (a / agree-01
                  :ARG1 (d / detail-01
                        :ARG1-of (c2 / critical-02)))))"	"(s / say-01
  :ARG0 (o / official
    :mod (m / maritime)
    :location (k / country :wiki ""Kenya"" :name (n / name :op1 ""Kenya"")))
  :ARG1 (a / agree-01
    :ARG1 (d / detail :mod (c / critical))
    :polarity -
    :time (b / before :op1 (n2 / now))))"
1	"Generate an Abstract Meaning Representation (AMR) graph for the following sentence: United Nations arms inspectors on December 28, 2002 visited 7 sites in Iraq in order to search for prohibited weapons of mass destruction according to spokesman Hiro Ueki.
AMR graph:"	"(s / say-01
      :ARG0 (p3 / person :wiki -
            :name (n / name :op1 ""Hiro"" :op2 ""Ueki"")
            :ARG0-of (h2 / have-org-role-91
                  :ARG2 (s2 / spokesman)))
      :ARG1 (v / visit-01
            :ARG0 (p / person
                  :ARG0-of (h / have-org-role-91
                        :ARG1 (o / organization :wiki ""United_Nations""
                              :name (n2 / name :op1 ""United"" :op2 ""Nations""))
                        :ARG3 (i / inspect-01
                              :ARG0 p
                              :ARG1 (a / arm))))
            :ARG1 (s3 / site :quant 7
                  :location (c / country :wiki ""Iraq""
                        :name (n3 / name :op1 ""Iraq"")))
            :time (d / date-entity :month 12 :day 28 :year 2002)
            :purpose (s4 / search-01
                  :ARG0 p
                  :ARG2 (w / weapon
                        :ARG0-of (d2 / destroy-01
                              :degree (m / mass))
                        :ARG1-of (p2 / prohibit-01)))))"	"(y / say-01
  :ARG0 (p3 / person
        :wiki -
        :name (n3 / name :op1 ""Hiro"" :op2 ""Ueki"")
        :ARG0-of (h3 / have-org-role-91 :ARG2 (s3 / spokesman)))
  :ARG1 (v / visit-01
        :ARG0 (p / person
              :ARG0-of (i / inspect-01 :ARG1 (w / weapon))
              :ARG0-of (h / have-org-role-91
                    :ARG1 (o / organization :wiki ""United_Nations"" :name (n / name :op1 ""United"" :op2 ""Nations""))
                    :ARG2 (i2 / inspector)))
        :ARG1 (s1 / site :quant 7
              :location (c / country :wiki ""Iraq"" :name (n2 / name :op1 ""Iraq"")))
        :time (d / date-entity :year 2002 :month 12 :day 28)
        :purpose (s2 / search-01
              :ARG0 p
              :ARG1 (w2 / weapon
                    :mod (d2 / destruction :mod (m / mass))
                    :ARG1-of (p2 / prohibit-01)))))"
2	"Generate an Abstract Meaning Representation (AMR) graph for the following sentence: SUPPLIES WE NEED: comfortable nursing chairs and rockers, nursing foot stool, boppie, SLINGS and baby clothes, diapers.
AMR graph:"	"(n / need-01
      :ARG0 (w / we)
      :ARG1 (s / supply-01
            :example (c / chair
                  :mod (n2 / nursing)
                  :ARG0-of (c2 / comfortable-02))
            :example (r / rocker)
            :example (s2 / stool
                  :mod (f / foot)
                  :mod n2)
            :example (b / boppie)
            :example (s3 / sling)
            :example (c3 / cloth
                  :mod (b2 / baby))
            :example (d / diaper)))"	"(n / need-01 :ARG0 (w / we) :ARG1 (a / and :op1 (a2 / and :op1 (c / chair :mod (c2 / comfortable) :purpose (n2 / nurse-01)) :op2 (r / rocker :mod c2 :purpose n2)) :op2 (s / stool :mod (f / foot) :purpose n2) :op3 (p / product :wiki - :name (n3 / name :op1 ""boppie"")) :op4 (a3 / and :op1 (s2 / sling) :op2 (c3 / clothes :mod (b / baby))) :op5 (d / diaper)))"
3	"Generate an Abstract Meaning Representation (AMR) graph for the following sentence: My fellow citizens, of the heinous crimes committed by Japan in China, there are too many instances to cite, difficult to record without exhausting all bamboo strips.
AMR graph:"	"(s / say-01
      :ARG0 (i2 / i)
      :ARG1 (h2 / have-quant-91
            :ARG1 (i / instance
                  :ARG1-of (r / record-01
                        :manner (d / difficult)
                        :manner (e / exhaust-01 :polarity -
                              :ARG1 (s2 / strip
                                    :consist-of (b / bamboo)
                                    :mod (a / all)))))
            :ARG2 (m2 / many)
            :ARG3 (t / too)
            :ARG6 (p / possible-01 :polarity -
                  :ARG1 (c6 / cite-01
                        :ARG1 i))
            :topic (c2 / crime-02
                  :ARG1 (h / heinous)
                  :ARG1-of (c3 / commit-02
                        :ARG0 (c4 / country :wiki ""Japan"" :name (n / name :op1 ""Japan""))
                        :location (c5 / country :wiki ""China"" :name (n2 / name :op1 ""China"")))))
      :ARG2 (c / citizen
            :mod (f / fellow)
            :poss i2))"	"(a / and
  :op1 (h / have-degree-91
        :ARG1 (c / crime :mod (h2 / heinous)
                   :ARG1-of (co / commit-01
                               :ARG0 (j / country :wiki ""Japan"" :name (n / name :op1 ""Japan""))
                               :location (c3 / country :wiki ""China"" :name (n2 / name :op1 ""China""))))
        :ARG2 (m / many)
        :ARG3 (t / too)
        :ARG6 (c2 / cite-01 :ARG1 c))
  :op2 (d / difficult-02
        :ARG1 (r / record-01
                 :ARG1 c
                 :manner (w / without
                           :op1 (e / exhaust-01
                                   :ARG1 (s / strip :mod (b / bamboo) :quant (a2 / all)))))))"
4	"Generate an Abstract Meaning Representation (AMR) graph for the following sentence: Shortly after the freighter was hijacked on 25 September 2008 the Kenyan government claimed that the weapons on board were being shipped for Kenya's military.
AMR graph:"	"(c / claim-01
      :ARG0 (g / government-organization
            :ARG0-of (g2 / govern-01
                  :ARG1 (c2 / country :wiki ""Kenya"" :name (n / name :op1 ""Kenya""))))
      :ARG1 (s / ship-01
            :ARG1 (w / weapon
                  :ARG0-of (b / board-01))
            :ARG2 (m / military
                  :poss c2))
      :time (a / after
            :op1 (h / hijack-01
                  :ARG1 (f / freighter)
                  :time (d / date-entity :year 2008 :month 9 :day 25))
            :ARG1-of (s2 / short-07)))"	"(c1 / claim-01
  :ARG0 (g / government-organization
          :mod (c / country :wiki ""Kenya"" :name (n / name :op1 ""Kenya"")))
  :ARG1 (s2 / ship-01
          :ARG1 (w / weapon :location (f / freighter))
          :beneficiary (m / military :poss c))
  :time (a / after
          :op1 (h / hijack-01
                 :ARG1 f
                 :time (d / date-entity :year 2008 :month 9 :day 25)))
  :time (s / soon))"
5	"Generate an Abstract Meaning Representation (AMR) graph for the following sentence: ""Qatar is a very important country on this issue.
AMR graph:"	"(c2 / country
      :ARG1-of (i2 / important-01
            :ARG2 (i3 / issue-02
                  :mod (t2 / this))
            :degree (v / very))
      :domain (c / country :wiki ""Qatar"" :name (n / name :op1 ""Qatar"")))"	"(i / important-02
  :ARG1 (c / country
            :wiki ""Qatar""
            :name (n / name :op1 ""Qatar""))
  :degree (v / very)
  :topic (i2 / issue :mod (t / this)))"
6	"Generate an Abstract Meaning Representation (AMR) graph for the following sentence: Peruvian military document discloses former intelligence head Montesinos' links with drug trafficking
AMR graph:"	"(d / disclose-01
      :ARG0 (d2 / document
            :mod (m / military
                  :mod (c / country :wiki ""Peru"" :name (n / name :op1 ""Peru""))))
      :ARG1 (l / link-01
            :ARG1 (p / person :wiki ""Vladimiro_Montesinos"" :name (n2 / name :op1 ""Montesinos"")
                  :ARG0-of (h / head-01
                        :ARG1 (i / intelligence)
                        :time (f / former)))
            :ARG2 (t / traffic-01
                  :ARG1 (d3 / drug))))"	"(d1 / disclose-01
  :ARG0 (d2 / document
    :mod (m1 / military)
    :mod (c1 / country :wiki ""Peru"" :name (n1 / name :op1 ""Peru"")))
  :ARG1 (l1 / link-01
    :ARG1 (p1 / person :wiki ""Vladimiro_Montesinos"" :name (n2 / name :op1 ""Montesinos"")
      :ARG0-of (h1 / have-org-role-91
        :ARG1 (o1 / organization :mod (i1 / intelligence))
        :ARG2 (h2 / head)
        :time (b1 / before :op1 (n3 / now))))
    :ARG2 (t1 / traffic-01 :ARG1 (d3 / drug))))"
7	"Generate an Abstract Meaning Representation (AMR) graph for the following sentence: Premier Peng Li and Kirghizian President Akayev attended the signing ceremony .
AMR graph:"	"(a2 / attend-01
      :ARG0 (a3 / and
            :op1 (p / person :wiki ""Li_Peng""
                  :name (n2 / name :op1 ""Peng"" :op2 ""Li"")
                  :ARG0-of (h / have-org-role-91
                        :ARG2 (p2 / premier)))
            :op2 (p3 / person :wiki ""Askar_Akayev""
                  :name (n3 / name :op1 ""Akayev"")
                  :ARG0-of (h2 / have-org-role-91
                        :ARG1 (c / country :wiki ""Kyrgyzstan""
                              :name (n4 / name :op1 ""Kirghizia""))
                        :ARG2 (p4 / president))))
      :ARG1 (c2 / ceremony
            :mod (s / sign-01)))"	"(a / attend-01
  :ARG0 (a2 / and
    :op1 (p1 / person
      :name (n1 / name :op1 ""Peng"" :op2 ""Li"")
      :ARG0-of (h1 / have-org-role-91 :ARG2 (pr1 / premier)))
    :op2 (p2 / person
      :name (n2 / name :op1 ""Akayev"")
      :ARG0-of (h2 / have-org-role-91
        :ARG1 (c / country :name (n3 / name :op1 ""Kyrgyzstan""))
        :ARG2 (pr2 / president))))
  :ARG1 (c2 / ceremony :mod (s / sign-01)))"
8	"Generate an Abstract Meaning Representation (AMR) graph for the following sentence: No casualties have been reported as the primary school had no classes over the weekend.
AMR graph:"	"(c / cause-01
      :ARG0 (h / have-03 :polarity -
            :ARG0 (s / school
                  :mod (p / primary))
            :ARG1 (c3 / class)
            :time (w / weekend))
      :ARG1 (r / report-01 :polarity -
            :ARG1 (c2 / casualty)))"	"(r / report-01
  :ARG1 (c / casualty)
  :polarity -
  :cause (h / have-03
            :ARG0 (s / school :mod (p / primary))
            :ARG1 (c2 / class)
            :polarity -
            :time (w / weekend)))"
9	"Generate an Abstract Meaning Representation (AMR) graph for the following sentence: The People's Mujahedeen accused the French authorities of carrying out the operation as part of a deal with the Iranian government.
AMR graph:"	"(a / accuse-01
      :ARG0 (o / organization :wiki ""People's_Mujahedin_of_Iran"" :name (n / name :op1 ""People's"" :op2 ""Mujahedeen""))
      :ARG1 (a2 / authority
            :mod (c / country :wiki ""France"" :name (n2 / name :op1 ""France"")))
      :ARG2 (h / have-part-91
            :ARG1 (d / deal-01
                  :ARG0 a2
                  :ARG1 (g / government-organization
                        :ARG0-of (g2 / govern-01
                              :ARG1 (c3 / country :wiki ""Iran"" :name (n3 / name :op1 ""Iran"")))))
            :ARG2 (c2 / carry-out-03
                  :ARG0 a2
                  :ARG1 (o2 / operation))))"	"(a / accuse-01
  :ARG0 (o / organization
            :name (n / name :op1 ""People's"" :op2 ""Mujahedeen""))
  :ARG1 (g / government-organization
            :mod (c / country :wiki ""France"" :name (n2 / name :op1 ""France"")))
  :ARG2 (p / perform-01
            :ARG0 g
            :ARG1 (o2 / operation
                      :part-of (a2 / agree-01
                                  :ARG0 g
                                  :ARG1 (g2 / government-organization
                                             :mod (c2 / country :wiki ""Iran"" :name (n3 / name :op1 ""Iran"")))))))"
10	"Generate an Abstract Meaning Representation (AMR) graph for the following sentence: Both take what they need
AMR graph:"	"(t / take-01
      :ARG0 (b / both)
      :ARG1 (t2 / thing
            :ARG1-of (n / need-01
                  :ARG0 b)))"	(t1 / take-01 :ARG0 (t2 / they :quant 2) :ARG1 (t3 / thing :ARG1-of (n / need-01 :ARG0 t2)))
11	"Generate an Abstract Meaning Representation (AMR) graph for the following sentence: China and Kyrgyzstan said in the communique that peace, stability and a just and rational world political and economic order should be established on the basis of the UN Charter and norms and principles of international law.
AMR graph:"	"(s / say-01
      :ARG0 (a / and
            :op1 (c / country :wiki ""China"" :name (n / name :op1 ""China""))
            :op2 (c2 / country :wiki ""Kyrgyzstan"" :name (n2 / name :op1 ""Kyrgyzstan"")))
      :ARG1 (r / recommend-01
            :ARG1 (e / establish-01
                  :ARG1 (a2 / and
                        :op1 (p / peace)
                        :op2 (s2 / stability)
                        :op3 (a6 / and
                              :op1 (o / order
                                    :mod (p2 / politics))
                              :op2 (o2 / order
                                    :mod (e2 / economy))
                              :mod (w / world
                                    :ARG0-of (j / just-02)
                                    :mod (r2 / rational))))
                  :ARG1-of (b / base-02
                        :ARG2 (a5 / and
                              :op1 (t / treaty :wiki ""United_Nations_Charter"" :name (n3 / name :op1 ""UN"" :op2 ""Charter""))
                              :op2 (n4 / norm
                                    :poss (l / law
                                          :mod (i / international)))
                              :op3 (p3 / principle
                                    :poss l)))))
      :medium (c3 / communique))"	"(s / say-01
  :ARG0 (a / and
    :op1 (c / country :wiki ""China"" :name (n / name :op1 ""China""))
    :op2 (c2 / country :wiki ""Kyrgyzstan"" :name (n2 / name :op1 ""Kyrgyzstan"")))
  :medium (m / communique)
  :ARG1 (r / recommend-01
    :ARG1 (e / establish-01
      :ARG1 (a2 / and
        :op1 (p / peace)
        :op2 (s2 / stability)
        :op3 (o / order
          :mod (w / world)
          :mod (p2 / political)
          :mod (e2 / economic)
          :mod (j / just)
          :mod (r2 / rational)))
      :ARG1-of (b / base-02
        :ARG2 (a3 / and
          :op1 (d / document :wiki ""Charter_of_the_United_Nations"" :name (n3 / name :op1 ""UN"" :op2 ""Charter""))
          :op2 (a4 / and
            :op1 (n4 / norm :topic (l / law :mod (i / international)))
            :op2 (p3 / principle :topic l)))))))"
12	"Generate an Abstract Meaning Representation (AMR) graph for the following sentence: Satellite images published by the Institute for Science and International Security show construction at the heavy-water research reactor facility near the city of Arak has progressed significantly between 080200 and 081000.
AMR graph:"	"(s / show-01
      :ARG0 (i / image
            :source (s2 / satellite)
            :ARG1-of (p / publish-01
                  :ARG0 (o / organization :wiki ""Institute_for_Science_and_International_Security"" :name (n / name :op1 ""Institute"" :op2 ""for"" :op3 ""Science"" :op4 ""and"" :op5 ""International"" :op6 ""Security""))))
      :ARG1 (p2 / progress-01
            :ARG1 (c / construct-01
                  :ARG1 (f / facility
                        :mod (r2 / reactor
                              :purpose (r3 / research-01)
                              :mod (w / water
                                    :mod (h / heavy)))
                        :ARG1-of (n2 / near-02
                              :ARG2 (c2 / city :wiki ""Arak,_Iran"" :name (n3 / name :op1 ""Arak"")))))
            :ARG1-of (s3 / significant-02)
            :time (d3 / date-interval
                  :op1 (d / date-entity :month 2 :year 2008)
                  :op2 (d2 / date-entity :month 10 :year 2008))))"	"(s / show-01 :ARG0 (i / image :mod (s2 / satellite) :ARG1-of (p2 / publish-01 :ARG0 (o / organization :wiki ""Institute_for_Science_and_International_Security"" :name (n / name :op1 ""Institute"" :op2 ""for"" :op3 ""Science"" :op4 ""and"" :op5 ""International"" :op6 ""Security"")))) :ARG1 (p / progress-01 :ARG1 (c / construct-01 :location (f / facility :mod (r / reactor :mod (r2 / research) :mod (w / water :mod (h / heavy))) :location (n2 / near :op1 (c2 / city :wiki ""Arak,_Iran"" :name (n3 / name :op1 ""Arak""))))) :manner (s3 / significant) :time (d / date-interval :op1 (d2 / date-entity :year 2008 :month 2) :op2 (d3 / date-entity :year 2008 :month 10))))"
13	"Generate an Abstract Meaning Representation (AMR) graph for the following sentence: The Caucus region is an important conduit for the flow of oil from the Caspian Sea to world markets.
AMR graph:"	"(c / conduit
      :domain (w / world-region :wiki ""Caucasus"" :name (n / name :op1 ""Caucasus""))
      :ARG1-of (i / important-01)
      :purpose (f / flow-01
            :ARG1 (o / oil)
            :source (s / sea :wiki ""Caspian_Sea"" :name (n2 / name :op1 ""Caspian"" :op2 ""Sea""))
            :destination (m / market
                  :mod (w2 / world))))"	"(c / conduit
  :mod (i / important)
  :domain (r / region :name (n / name :op1 ""Caucus""))
  :purpose (f / flow-01
    :ARG1 (o / oil)
    :source (s / sea :wiki ""Caspian_Sea"" :name (n2 / name :op1 ""Caspian"" :op2 ""Sea""))
    :destination (m / market :mod (w / world))))"
14	"Generate an Abstract Meaning Representation (AMR) graph for the following sentence: Chirac's visit has come while the Russian Government has displayed uneasiness about NATO's latest expansion to the Russian borders and the European Union's imminent enlargement within the former Soviet sphere of influence in Eastern Europe.
AMR graph:"	"(v2 / visit-01
      :ARG0 (p / person :wiki ""Jacques_Chirac"" :name (n / name :op1 ""Chirac""))
      :time (d / display-01
            :ARG0 (g / government-organization
                  :ARG0-of (g2 / govern-01
                        :ARG1 (c2 / country :wiki ""Russia"" :name (n2 / name :op1 ""Russia""))))
            :ARG1 (u / uneasy-01
                  :ARG1 g
                  :ARG2 (a / and
                        :op1 (e / expand-01
                              :ARG1 (m / military :wiki ""NATO"" :name (n3 / name :op1 ""NATO""))
                              :ARG4 (b / border-01
                                    :ARG2 c2)
                              :mod (l / last))
                        :op2 (e2 / enlarge-01
                              :ARG1 (o2 / organization :wiki ""European_Union"" :name (n4 / name :op1 ""European"" :op2 ""Union""))
                              :ARG2 (s / sphere
                                    :mod (c / country :wiki ""Soviet_Union"" :name (n5 / name :op1 ""Soviet"" :op2 ""Union""))
                                    :ARG1-of (i / influence-01)
                                    :location (w2 / world-region :wiki ""Eastern_Europe"" :name (n6 / name :op1 ""Eastern"" :op2 ""Europe""))
                                    :time (f / former))
                              :mod (i2 / imminent))))))"	"(v / visit-01
  :ARG0 (p / person :wiki ""Jacques_Chirac"" :name (n / name :op1 ""Chirac""))
  :time (w / while
            :op1 (d / display-01
                     :ARG0 (g / government-organization
                               :ARG0-of (g2 / govern-01
                                            :ARG1 (c / country :wiki ""Russia"" :name (n2 / name :op1 ""Russia""))))
                     :ARG1 (u / uneasy-03
                               :ARG1 g
                               :topic (a / and
                                          :op1 (e1 / expand-01
                                                    :ARG0 (o / organization :wiki ""NATO"" :name (n3 / name :op1 ""NATO""))
                                                    :mod (l / late-02 :degree (m / most))
                                                    :destination (b / border :part-of c))
                                          :op2 (e2 / enlarge-01
                                                    :ARG0 (o2 / organization :wiki ""European_Union"" :name (n4 / name :op1 ""European"" :op2 ""Union""))
                                                    :mod (i / imminent)
                                                    :location (r / region
                                                                 :mod (f / former)
                                                                 :ARG1-of (i2 / influence-01
                                                                              :ARG0 (c2 / country :wiki ""Soviet_Union"" :name (n5 / name :op1 ""Soviet"" :op2 ""Union"")))
                                                                 :location (r2 / region :wiki ""Eastern_Europe"" :name (n6 / name :op1 ""Eastern"" :op2 ""Europe""))))))))"
15	"Generate an Abstract Meaning Representation (AMR) graph for the following sentence: The list was made available on condition that neither the diplomat nor the diplomat's country be identified.
AMR graph:"	"(a3 / avail-01
      :ARG2 (l / list)
      :ARG1-of (c / condition-01
            :ARG2 (i / identify-01 :polarity -
                  :ARG1 (a2 / and
                        :op1 (p / person
                              :ARG0-of (h / have-org-role-91
                                    :ARG2 (d / diplomat)))
                        :op2 (c2 / country
                              :source-of p)))))"	(p / provide-01 :ARG1 (l / list) :condition (a / and :op1 (i / identify-01 :ARG1 (d / diplomat) :polarity -) :op2 (i2 / identify-01 :ARG1 (c / country :poss d) :polarity -)))
16	"Generate an Abstract Meaning Representation (AMR) graph for the following sentence: 08/02/2010 13:52
AMR graph:"	"(d / date-entity :time ""13:52"" :day 8 :year 2010 :month 2)"	"(d / date-entity :year 2010 :month 8 :day 2 :time ""13:52"")"
17	"Generate an Abstract Meaning Representation (AMR) graph for the following sentence: Sheng Chen , who is 19 years old this year , from Hubei , is temporarily in the sixth position , the a total score of 342.60 points .
AMR graph:"	"(p / position-01
      :ARG1 (p3 / person :wiki - :name (n / name :op1 ""Sheng"" :op2 ""Chen"")
            :source (p4 / province :wiki ""Hubei"" :name (n2 / name :op1 ""Hubei""))
            :ARG1-of (s2 / score-01
                  :ARG2 (p2 / point :quant 342.60)
                  :mod (t3 / total))
            :ARG1-of (a / age-01
                  :ARG2 (t / temporal-quantity :quant 19
                        :unit (y / year))
                  :time (y2 / year
                        :mod (t4 / this))))
      :ord (o / ordinal-entity :value 6)
      :duration (t2 / temporary))"	"(a / and
  :op1 (r / rank-01
        :ARG1 (p / person
                :name (n / name :op1 ""Sheng"" :op2 ""Chen"")
                :location (pr / province :wiki ""Hubei"" :name (n2 / name :op1 ""Hubei""))
                :ARG1-of (a2 / have-age-91 :ARG2 (t / temporal-quantity :quant 19 :unit (y / year))))
        :ARG2 (o / ordinal-entity :value 6)
        :manner (tm / temporary))
  :op2 (h / have-03
        :ARG0 p
        :ARG1 (s / score :quant 342.60 :unit (pt / point) :mod (tt / total))))"
18	"Generate an Abstract Meaning Representation (AMR) graph for the following sentence: An Iranian news agency reported that ahmadinejad stated Iran had 6000 working centrifuges but the agency subsequently removed the statement from the Internet.
AMR graph:"	"(r / report-01
      :ARG0 (a / agency
            :mod (n / news)
            :mod (c / country :wiki ""Iran"" :name (n2 / name :op1 ""Iran"")))
      :ARG1 (s / state-01
            :ARG0 (p / person :wiki ""Mahmoud_Ahmadinejad"" :name (n3 / name :op1 ""Ahmadinejad""))
            :ARG1 (h / have-03
                  :ARG0 c
                  :ARG1 (c2 / centrifuge :quant 6000
                        :ARG1-of (w / work-09))))
      :concession-of (r2 / remove-01
            :ARG0 a
            :ARG1 s
            :ARG2 (i / internet)
            :time (s2 / subsequent)))"	"(c / contrast-01
  :ARG1 (r / report-01
            :ARG0 (a / agency
                      :mod (n / news)
                      :mod (c / country :wiki ""Iran"" :name (i / name :op1 ""Iran"")))
            :ARG1 (s / say-01
                      :ARG0 (p / person :wiki ""Mahmoud_Ahmadinejad"" :name (n2 / name :op1 ""Ahmadinejad""))
                      :ARG1 (h / have-03
                                :ARG0 c
                                :ARG1 (c2 / centrifuge :quant 6000
                                            :ARG0-of (w / work-01)))))
  :ARG2 (r2 / remove-01
            :ARG0 a
            :ARG1 s
            :source (i2 / internet :wiki ""Internet"" :name (n3 / name :op1 ""Internet""))
            :time (a2 / after :op1 r)))"
19	"Generate an Abstract Meaning Representation (AMR) graph for the following sentence: What can you do to help us, please?
AMR graph:"	"(p / possible-01 :polite +
      :ARG1 (d / do-02
            :ARG0 (y / you)
            :ARG1 (a / amr-unknown)
            :purpose (h / help-01
                  :ARG0 y
                  :ARG2 (w / we))))"	(p / possible-01 :ARG1 (d / do-02 :ARG0 (y / you) :ARG1 (a / amr-unknown) :purpose (h / help-01 :ARG0 y :ARG1 (w / we))))
20	"Generate an Abstract Meaning Representation (AMR) graph for the following sentence: Senior Fellow at the International Institute for Strategic Studies mark Fitzpatrick stated that --
AMR graph:"	"(s / state-01
      :ARG0 (p / person :wiki -
            :name (n / name :op1 ""Mark"" :op2 ""Fitzpatrick"")
            :ARG0-of (h / have-org-role-91
                  :ARG1 (r / research-institute :wiki ""International_Institute_for_Strategic_Studies""
                        :name (n2 / name :op1 ""International"" :op2 ""Institute"" :op3 ""for"" :op4 ""Strategic"" :op5 ""Studies""))
                  :ARG2 (f / fellow
                        :mod (s2 / senior)))))"	"(s / state-01 :ARG0 (p / person :name (n / name :op1 ""Mark"" :op2 ""Fitzpatrick"") :ARG0-of (h / have-org-role-91 :ARG1 (o / organization :wiki ""International_Institute_for_Strategic_Studies"" :name (n2 / name :op1 ""International"" :op2 ""Institute"" :op3 ""for"" :op4 ""Strategic"" :op5 ""Studies"")) :ARG2 (f / fellow :mod (s2 / senior)))) :ARG1 (a / amr-unknown))"
21	"Generate an Abstract Meaning Representation (AMR) graph for the following sentence: m1456
AMR graph:"	"(s / string-entity :value ""m1456"")"	"(t / thing :name (n / name :op1 ""m1456""))"
22	"Generate an Abstract Meaning Representation (AMR) graph for the following sentence: Iran is a signatory to the Nuclear Nonproliferation Treaty but not a member of the Nuclear Suppliers Group.
AMR graph:"	"(c / contrast-01
      :ARG1 (s / sign-02
            :ARG0 (c2 / country :wiki ""Iran""
                  :name (n / name :op1 ""Iran""))
            :ARG1 (t / treaty :wiki ""Treaty_on_the_Non-Proliferation_of_Nuclear_Weapons""
                  :name (n2 / name :op1 ""Nuclear"" :op2 ""Nonproliferation"" :op3 ""Treaty"")))
      :ARG2 (h / have-org-role-91 :polarity -
            :ARG0 c2
            :ARG1 (o / organization :wiki ""Nuclear_Suppliers_Group""
                  :name (n3 / name :op1 ""Nuclear"" :op2 ""Suppliers"" :op3 ""Group""))
            :ARG2 (m / member)))"	"(c / contrast-01
  :ARG1 (s / sign-01
    :ARG0 (c2 / country :wiki ""Iran"" :name (n1 / name :op1 ""Iran""))
    :ARG1 (t / treaty :wiki ""Treaty_on_the_Non-Proliferation_of_Nuclear_Weapons"" :name (n2 / name :op1 ""Nuclear"" :op2 ""Nonproliferation"" :op3 ""Treaty"")))
  :ARG2 (h / have-org-role-91
    :polarity -
    :ARG0 c2
    :ARG1 (o / organization :wiki ""Nuclear_Suppliers_Group"" :name (n3 / name :op1 ""Nuclear"" :op2 ""Suppliers"" :op3 ""Group""))
    :ARG2 (m / member)))"
23	"Generate an Abstract Meaning Representation (AMR) graph for the following sentence: We are in Delma a 1, in local pinson.
AMR graph:"	"(b / be-located-at-91
      :ARG1 (w / we)
      :ARG2 (p / pinson
            :mod (l / local)
            :location (r / road :wiki ""Delmas,_Ouest""
                  :name (n / name :op1 ""Delmas"" :op2 1))))"	"(b / be-located-at-91 :ARG1 (w / we) :ARG2 (a / and :op1 (p1 / place :name (n1 / name :op1 ""Delma"" :op2 ""a"" :op3 ""1"")) :op2 (p2 / place :name (n2 / name :op1 ""Pinson"") :mod (l / local))))"
24	"Generate an Abstract Meaning Representation (AMR) graph for the following sentence: 2007-06-18
AMR graph:"	"(d2 / date-entity
  :day 18
  :month 6
  :year 2007)"	(d / date-entity :year 2007 :month 6 :day 18)
25	"Generate an Abstract Meaning Representation (AMR) graph for the following sentence: How can we find help and food in fontamara 43 rue menos
AMR graph:"	"(h / have-manner-91
      :ARG1 (p / possible-01
            :ARG1 (f / find-01
                  :ARG0 (w / we)
                  :ARG1 (a2 / and
                        :op1 (h2 / help-01
                              :ARG2 w)
                        :op2 (f2 / food))
                  :location (s / street-address-91
                        :ARG2 (r / road :wiki -
                              :name (n / name :op1 ""Rue"" :op2 ""Menos"")))
                  :location (s2 / street-address-91
                        :ARG2 (r2 / road :wiki -
                              :name (n2 / name :op1 ""Fontamara"" :op2 43)))))
      :ARG2 (a / amr-unknown))"	"(p1 / possible-01
  :ARG1 (f1 / find-01
    :ARG0 (w / we)
    :ARG1 (a / and :op1 (h / help-01) :op2 (f2 / food))
    :location (l / location :name (n / name :op1 ""Fontamara"" :op2 ""43"" :op3 ""Rue"" :op4 ""Menos""))
    :manner (u / amr-unknown)))"
26	"Generate an Abstract Meaning Representation (AMR) graph for the following sentence: With regard to the situation in Palestine and Israel Wen stated that relevant UN resolutions must be implemented.
AMR graph:"	"(s / state-01
      :ARG0 (p / person :wiki ""Wen_Jiabao"" :name (n / name :op1 ""Wen""))
      :ARG1 (o / obligate-01
            :ARG2 (i / implement-01
                  :ARG1 (r / resolution
                        :mod (o2 / organization :wiki ""United_Nations"" :name (n4 / name :op1 ""UN""))
                        :ARG1-of (r2 / relevant-01))))
      :manner (r3 / regard-01
            :ARG0 p
            :ARG1 (s2 / situation
                  :location (a / and
                        :op1 (c / country :wiki ""State_of_Palestine"" :name (n2 / name :op1 ""Palestine""))
                        :op2 (c2 / country :wiki ""Israel"" :name (n3 / name :op1 ""Israel""))))))"	"(s / state-01
  :ARG0 (p / person :wiki - :name (n / name :op1 ""Wen""))
  :ARG1 (o / obligate-01
            :ARG2 (i / implement-01
                      :ARG1 (r / resolution
                                :mod (r2 / relevant)
                                :mod (o2 / organization :wiki ""United_Nations"" :name (n2 / name :op1 ""UN"")))))
  :topic (s2 / situation
             :location (a / and
                          :op1 (c / country :wiki - :name (n3 / name :op1 ""Palestine""))
                          :op2 (c2 / country :wiki - :name (n4 / name :op1 ""Israel"")))))"
27	"Generate an Abstract Meaning Representation (AMR) graph for the following sentence: At least three members of a family in Indias northeastern state of Tripura were hacked to death by a tribal mob for allegedly practicing witchcraft, police said Thursday.
AMR graph:"	"(h / hack-01
      :ARG0 (m / mob
            :mod (t2 / tribe))
      :ARG1 (m2 / member
            :part-of (f / family)
            :quant (a / at-least :op1 3))
      :location (s / state :wiki ""Tripura""
            :name (n / name :op1 ""Tripura"")
            :location (n3 / northeast
                  :part-of (c / country :wiki ""India""
                        :name (n2 / name :op1 ""India""))))
      :degree (d2 / die-01)
      :ARG1-of (c2 / cause-01
            :ARG0 (p2 / practice-01
                  :ARG0 m2
                  :ARG1 (w / witchcraft)
                  :ARG1-of (a3 / allege-01)))
      :ARG1-of (s2 / say-01
            :ARG0 (p3 / police)
            :time (d / date-entity
                  :weekday (t / thursday))))"	"(s / say-01
  :ARG0 (p / police)
  :ARG1 (k / kill-01
    :ARG0 (m / mob :mod (t / tribe))
    :ARG1 (p2 / person
      :quant (a / at-least :op1 3)
      :ARG0-of (m2 / member-01
        :ARG1 (f / family
          :location (s2 / state
            :wiki ""Tripura""
            :name (n / name :op1 ""Tripura"")
            :location (c / country :wiki ""India"" :name (n2 / name :op1 ""India""))
            :mod (n3 / northeast)))))
    :manner (h / hack-01 :ARG0 m :ARG1 p2)
    :cause (p3 / practice-01 :ARG0 p2 :ARG1 (w / witchcraft) :ARG1-of (a2 / allege-01)))
  :time (d / date-entity :weekday (t2 / thursday)))"
28	"Generate an Abstract Meaning Representation (AMR) graph for the following sentence: e.g. i'll say hello to someone from uni and they'll ignore me, but 30 minutes later they'll decide they want my help with some work... and i'll give it to them.
AMR graph:"	"(e / exemplify-01
      :ARG0 (c / contrast-01
            :ARG1 (a / and
                  :op1 (s / say-01
                        :ARG0 (i / i)
                        :ARG1 (h / hello)
                        :ARG2 (s2 / someone
                              :source (u / university)))
                  :op2 (i2 / ignore-01
                        :ARG0 s2
                        :ARG1 i))
            :ARG2 (a2 / and
                  :op1 (d / decide-01
                        :ARG0 s2
                        :ARG1 (w / want-01
                              :ARG0 s2
                              :ARG1 (h2 / help-01
                                    :ARG0 i
                                    :ARG1 (w2 / work-01
                                          :mod (s3 / some))
                                    :ARG2 s2))
                        :time (a3 / after
                              :op1 a
                              :quant (t / temporal-quantity :quant 30
                                    :unit (m2 / minute))))
                  :op2 (g / give-01
                        :ARG0 i
                        :ARG1 h2
                        :ARG2 s2))))"	"(c / contrast-01
  :ARG1 (a / and
            :op1 (g / greet-01
                    :ARG0 (i / i)
                    :ARG1 (p / person :location (u / university)))
            :op2 (i2 / ignore-01 :ARG0 p :ARG1 i))
  :ARG2 (a2 / and
            :time (f / after :op1 i2 :quant (t / temporal-quantity :quant 30 :unit (m / minute)))
            :op1 (d / decide-01
                    :ARG0 p
                    :ARG1 (w / want-01
                            :ARG0 p
                            :ARG1 (h / help-01 :ARG0 i :ARG1 p :ARG2 (w2 / work))))
            :op2 h))"
29	"Generate an Abstract Meaning Representation (AMR) graph for the following sentence: Anti-government insurgents have increased their violent activities across the Himalayan kingdom since the 9-month-long nationwide state of emergency expired at the end of August 2002.
AMR graph:"	"(i / increase-01
      :ARG0 (i2 / insurgent
            :ARG0-of (o / oppose-01
                  :ARG1 (g / government-organization
                        :ARG0-of (g2 / govern-01))))
      :ARG1 (a / activity-06
            :ARG0 i2
            :mod (v / violent))
      :location (a2 / across
            :op1 (k / kingdom
                  :location (w / world-region :wiki ""Himalayas"" :name (n / name :op1 ""Himalaya""))))
      :time (s / since
            :op1 (e2 / expire-01
                  :ARG1 (s2 / state
                        :mod (e3 / emergency)
                        :extent (n2 / nationwide)
                        :ARG1-of (l / long-03
                              :ARG2 (t2 / temporal-quantity :quant 9
                                    :unit (m2 / month))))
                  :time (e / end-01
                        :ARG1 (d / date-entity :year 2002 :month 8)))))"	"(ic / increase-01
  :ARG0 (i / insurgent
    :ARG0-of (o / oppose-01
      :ARG1 (g / government-organization
        :ARG0-of (go / govern-01
          :ARG1 (k / kingdom
            :location (h / mountain-range
              :wiki ""Himalayas""
              :name (n / name :op1 ""Himalayas""))))))))
  :ARG1 (a / activity :mod (v / violent) :poss i)
  :location k
  :time (s / since
    :op1 (e / expire-01
      :ARG1 (s2 / state-of-emergency
        :duration (t / temporal-quantity :quant 9 :unit (m / month))
        :mod (n2 / nationwide)
        :location k)
      :time (e2 / end
        :op1 (d / date-entity :year 2002 :month 8)))))"
30	"Generate an Abstract Meaning Representation (AMR) graph for the following sentence: Xinhua News Agency , Seoul , August 31st , by reporter Shuifu Tang
AMR graph:"	"(b / byline-91
      :ARG0 (p / publication :wiki ""Xinhua_News_Agency""
            :name (n / name :op1 ""Xinhua"" :op2 ""News"" :op3 ""Agency""))
      :ARG1 (p2 / person :wiki -
            :name (n2 / name :op1 ""Shuifu"" :op2 ""Tang"")
            :ARG0-of (r / report-01))
      :location (c3 / city :wiki ""Seoul""
            :name (n3 / name :op1 ""Seoul""))
      :time (d2 / date-entity :month 8 :day 31))"	"(r / report-01
  :ARG0 (p / person
            :name (n / name :op1 ""Shuifu"" :op2 ""Tang"")
            :ARG0-of (h / have-org-role-91
                         :ARG1 (o / organization :wiki ""Xinhua_News_Agency"" :name (n2 / name :op1 ""Xinhua"" :op2 ""News"" :op3 ""Agency""))
                         :ARG2 (r2 / reporter)))
  :location (c / city :wiki ""Seoul"" :name (n3 / name :op1 ""Seoul""))
  :time (d / date-entity :month 8 :day 31))"
31	"Generate an Abstract Meaning Representation (AMR) graph for the following sentence: The six are all members of an outdoor sports club in Xining, Qinghai's provincial capital.
AMR graph:"	"(p / person :quant 6
      :domain (m / member
            :ARG1-of (i2 / include-91
                  :ARG2 (c / club
                        :mod (s / sport)
                        :mod (o / outdoors)))
            :mod (a / all)
            :location (c2 / city :wiki ""Xining"" :name (n / name :op1 ""Xining"")
                  :ARG0-of (h / have-org-role-91
                        :ARG1 (p2 / province :wiki ""Qinghai"" :name (n2 / name :op1 ""Qinghai""))
                        :ARG2 (c3 / capital)))))"	"(p / person
  :quant 6
  :mod (a / all)
  :ARG0-of (h / have-org-role-91
    :ARG1 (c / club
      :mod (s / sport)
      :mod (o / outdoor)
      :location (x / city
        :wiki ""Xining""
        :name (n / name :op1 ""Xining"")
        :ARG0-of (h2 / have-org-role-91
          :ARG1 (q / province :wiki ""Qinghai"" :name (n2 / name :op1 ""Qinghai""))
          :ARG2 (c2 / capital))))
    :ARG2 (m / member)))"
32	"Generate an Abstract Meaning Representation (AMR) graph for the following sentence: Why is it so hard to understand ?
AMR graph:"	"(h / hard-02
      :ARG1 (u / understand-01
            :ARG1 (i / it))
      :ARG1-of (c / cause-01
            :ARG0 (a / amr-unknown))
      :degree (s / so))"	(d / difficult-02 :ARG1 (u / understand-01) :degree (s / so) :cause (a / amr-unknown))
33	"Generate an Abstract Meaning Representation (AMR) graph for the following sentence: The deal would most likely have remained secret had the pirates not hijacked the ship and begun speaking to the media by satellite phone.
AMR graph:"	"(l / likely-01
      :ARG1 (r / remain-01
            :ARG1 (d / deal-01)
            :ARG3 (s / secret))
      :condition (a / and
            :op1 (h / hijack-01 :polarity -
                  :ARG0 (p / pirate)
                  :ARG1 (s2 / ship))
            :op2 (b / begin-01 :polarity -
                  :ARG0 p
                  :ARG1 (s3 / speak-01
                        :ARG0 p
                        :ARG2 (m2 / media)
                        :medium (p2 / phone
                              :mod (s4 / satellite)))))
      :ARG2-of (h2 / have-degree-91
            :ARG1 r
            :ARG3 (m / most)))"	"(l / likely-01
  :degree (m / most)
  :ARG1 (r / remain-01
    :ARG1 (se / secret-02 :ARG1 (d / deal))
    :condition (a / and
      :op1 (h / hijack-01 :polarity - :ARG0 (p / pirate) :ARG1 (sh / ship))
      :op2 (b / begin-01 :polarity - :ARG0 p
        :ARG1 (t / talk-01 :ARG0 p :ARG2 (m2 / media) :medium (ph / phone :mod (s2 / satellite)))))))"
34	"Generate an Abstract Meaning Representation (AMR) graph for the following sentence: The implication was that corrupt or sympathetic members of the Venezuelan military may be aiding guerrillas.
AMR graph:"	"(i / imply-01
      :ARG1 (p / possible-01
            :ARG1 (a / aid-01
                  :ARG0 (o / or
                        :op1 (p2 / person
                              :ARG0-of (h / have-org-role-91
                                    :ARG1 (m3 / military
                                          :mod (c2 / country :wiki ""Venezuela""
                                                :name (n / name :op1 ""Venezuela"")))
                                    :ARG2 (m / member))
                              :ARG1-of (c / corrupt-01))
                        :op2 (p3 / person
                              :ARG0-of (h2 / have-org-role-91
                                    :ARG1 m3
                                    :ARG2 (m2 / member))
                              :ARG0-of (s / sympathize-01)))
                  :ARG2 (g / guerrilla))))"	"(i / imply-01
  :ARG1
    (p / possible-01
      :ARG1
        (a / aid-01
          :ARG0
            (p2 / person
              :ARG0-of
                (h / have-org-role-91
                  :ARG1 (m / military
                          :mod (c / country :wiki ""Venezuela"" :name (n / name :op1 ""Venezuela"")))
                  :ARG2 (m2 / member))
              :mod (o / or :op1 (c2 / corrupt) :op2 (s / sympathetic)))
          :ARG1 (g / guerrilla))))"
35	"Generate an Abstract Meaning Representation (AMR) graph for the following sentence: The Vietnam-Germany trade volume rose 7.7 percent in 2003 to reach 1.4 billion dollars, of which 815.4 million dollars came from Vietnamese exports.
AMR graph:"	"(r / rise-01
      :ARG1 (v / volume
            :mod (t / trade-01
                  :ARG0 (c / country :wiki ""Vietnam"" :name (n / name :op1 ""Vietnam""))
                  :ARG2 (c2 / country :wiki ""Germany"" :name (n2 / name :op1 ""Germany""))))
      :ARG2 (p / percentage-entity :value 7.7)
      :ARG4 (r2 / reach-01
            :ARG0 v
            :ARG1 (m / monetary-quantity :quant 1400000000
                  :unit (d2 / dollar)
                  :ARG2-of (i / include-91
                        :ARG1 (m2 / monetary-quantity :quant 815400000
                              :ARG1-of (c3 / come-03
                                    :ARG2 (e / export-01
                                          :ARG0 c))
                              :unit (d3 / dollar)))))
      :time (d / date-entity :year 2003))"	"(a / and
  :time (d / date-entity :year 2003)
  :op1 (i / increase-01
        :ARG1 (q / monetary-quantity
               :quant-of (t / trade-01
                          :ARG0 (a2 / and
                                 :op1 (c1 / country :wiki ""Vietnam"" :name (n1 / name :op1 ""Vietnam""))
                                 :op2 (c2 / country :wiki ""Germany"" :name (n2 / name :op1 ""Germany"")))))
        :ARG2 (p / percentage-entity :value 7.7))
  :op2 (r / reach-01
        :ARG0 q
        :ARG1 (q2 / monetary-quantity
               :quant 1400000000
               :unit (d2 / dollar)
               :part (q3 / monetary-quantity
                      :quant 815400000
                      :unit (d3 / dollar)
                      :ARG1-of (c3 / come-01
                                 :source (e / export-01 :ARG0 c1 :ARG2 c2))))))"
36	"Generate an Abstract Meaning Representation (AMR) graph for the following sentence: Thank you.
AMR graph:"	"(t / thank-01
      :ARG0 (i / i)
      :ARG1 (y / you))"	(t / thank-01 :ARG0 (i / i) :ARG1 (y / you))
37	"Generate an Abstract Meaning Representation (AMR) graph for the following sentence: Crime; weapons; international; money
AMR graph:"	"(a / and
      :op1 (c / crime-02)
      :op2 (w / weapon)
      :op3 (i / international)
      :op4 (m / money))"	(a / and :op1 (c / crime) :op2 (w / weapon) :op3 (i / international) :op4 (m / money))
38	"Generate an Abstract Meaning Representation (AMR) graph for the following sentence: That's normal, it has always been the case that a whore is heartless and a performer is unrighteous
AMR graph:"	"(m / multi-sentence
      :snt1 (n / normal-02
            :ARG1 (t / that))
      :snt2 (a / and
            :op2 (a2 / and
                  :op1 (h / heartless
                        :domain (w2 / whore))
                  :op2 (r / righteous-07 :polarity -
                        :ARG1 (p2 / person
                              :ARG0-of (p3 / perform-01)))
                  :time (a3 / always))))"	"(n / normal
  :domain
    (a / and
      :frequency (al / always)
      :op1 (h / heartless :domain (p / prostitute))
      :op2 (r / righteous :polarity - :domain (p2 / person :ARG0-of (p3 / perform-01)))))"
39	"Generate an Abstract Meaning Representation (AMR) graph for the following sentence: Some of these flights were innocent violations by ranchers in the Amazon flying between plantations.
AMR graph:"	"(f2 / fly-01
      :mod (s / some)
      :ARG1-of (i2 / include-91
            :ARG2 (f3 / fly-01
                  :mod (t2 / this)))
      :ARG1-of (v2 / violate-01
            :ARG0 (p / person
                  :ARG0-of (r / ranch-01)
                  :ARG1-of (f / fly-01
                        :location (b / between
                              :op1 (p3 / plantation)))
                  :location (w / world-region :wiki ""Amazon_basin""
                        :name (n / name :op1 ""Amazon"")))
            :ARG1-of (i / innocent-01)))"	"(v / violate-01 :mod (i / innocent) :ARG0 (r / rancher) :manner (f / fly-01 :ARG0 r :location (a / region :wiki ""Amazon_rainforest"" :name (n / name :op1 ""Amazon"")) :path (b / between :op1 (p / plantation) :op2 (p2 / plantation))))"
40	"Generate an Abstract Meaning Representation (AMR) graph for the following sentence: What can I do about this?
AMR graph:"	"(a / amr-unknown
      :ARG1-of (d / do-02
            :ARG0 (i / i)
            :ARG2 (t / this)
            :ARG1-of (p / possible-01)))"	(p / possible-01 :ARG1 (d / do-02 :ARG0 (i / i) :ARG1 (x / amr-unknown) :topic (t / this)))
41	"Generate an Abstract Meaning Representation (AMR) graph for the following sentence: We need water to drink.
AMR graph:"	"(n / need-01
      :ARG0 (w / we)
      :ARG1 (w2 / water
            :purpose (d / drink-01
                        :ARG0 w
                        :ARG1 w2)))"	"(n / need-01
  :ARG0 (w / we)
  :ARG1 (w2 / water)
  :purpose (d / drink-01 :ARG0 w :ARG1 w2))"
42	"Generate an Abstract Meaning Representation (AMR) graph for the following sentence: He went on to recall that as his parents had been swept away by tidal wave at the start of the tragedy, he was left alive alone.
AMR graph:"	"(a2 / and
      :op1 (r / recall-02
            :ARG0 (h / he)
            :ARG1 (s / sweep-01
                  :ARG0 (w / wave
                        :mod (t / tide))
                  :ARG1 (p / parent
                        :poss h)
                  :manner (a / away)
                  :time (s2 / start-01
                        :ARG0 (t2 / tragedy))))
      :op2 (l / leave-12
            :ARG1 h
            :ARG2 (a3 / alone
                  :mod (l2 / live-01
                        :ARG0 h))))"	"(r / recall-01
  :ARG0 (h / he)
  :ARG1 (s / survive-01
    :ARG0 h
    :ARG1-of (a / alone-01)
    :cause (s2 / sweep-01
      :ARG0 (w / wave :mod (t / tide))
      :ARG1 (p / parent :poss h)
      :time (s3 / start-01 :ARG1 (t2 / tragedy)))))"
43	"Generate an Abstract Meaning Representation (AMR) graph for the following sentence: Does she even have a history of mental illness or a diagnosis?
AMR graph:"	"(h / have-03
      :ARG0 (s / she)
      :ARG1 (o / or
            :op1 (h2 / history
                  :consist-of (i / ill-01
                        :ARG1 s
                        :ARG2 (m / mental)))
            :op2 (d / diagnose-01
                  :ARG1 s))
      :mod (e / even)
      :polarity (a / amr-unknown))"	"(h / have-03
  :ARG0 (s / she)
  :ARG1 (o / or
    :op1 (h2 / history :topic (i / illness :mod (m / mental)))
    :op2 (t / thing :ARG1-of (d / diagnose-01 :ARG1 s)))
  :polarity (a / amr-unknown)
  :mod (e / even))"
44	"Generate an Abstract Meaning Representation (AMR) graph for the following sentence: I do n't think you can blame 288 for creating those people .
AMR graph:"	"(t / think-01
      :ARG0 (i / i)
      :ARG1 (r / recommend-01 :polarity -
            :ARG1 (b / blame-01
                  :ARG0 (y / you)
                  :ARG1 (r2 / road :wiki ""Virginia_State_Route_288"" :name (x / name :op1 ""288""))
                  :ARG2 (c / create-01
                        :ARG1 (p / person
                              :mod (t2 / that))))
            :ARG2 y))"	"(t / think-01
  :polarity -
  :ARG0 (i / i)
  :ARG1 (p / possible-01
    :ARG1 (b / blame-01
      :ARG0 (y / you)
      :ARG1 (x / thing :name (n / name :op1 ""288""))
      :ARG2 (c / create-01
        :ARG0 x
        :ARG1 (p2 / person :mod (t2 / that))))))"
45	"Generate an Abstract Meaning Representation (AMR) graph for the following sentence: The Immigrations Bureau stated that they only recently received intelligence reports on Hambali's record in the country.
AMR graph:"	"(s / state-01
      :ARG0 (g / government-organization :wiki -
            :name (n / name :op1 ""Immigrations"" :op2 ""Bureau""))
      :ARG1 (r / receive-01
            :ARG0 g
            :ARG1 (r2 / report-01
                  :ARG0 (i / intelligence)
                  :ARG1 (r3 / record-01
                        :ARG0 (p / person :wiki ""Riduan_Isamuddin""
                              :name (n2 / name :op1 ""Hambali""))
                        :location (c / country))
                  :ARG2 g)
            :time (r4 / recent
                  :mod (o2 / only))))"	"(s / say-01
  :ARG0 (o / organization
            :wiki -
            :name (n / name :op1 ""Immigrations"" :op2 ""Bureau""))
  :ARG1 (r / receive-01
            :ARG0 o
            :ARG1 (r2 / report
                    :mod (i / intelligence)
                    :topic (r3 / record
                             :poss (p / person :wiki - :name (n2 / name :op1 ""Hambali""))
                             :location (c / country)))
            :time (r4 / recent :mod (o2 / only))))"
46	"Generate an Abstract Meaning Representation (AMR) graph for the following sentence: 2008-10-08
AMR graph:"	(d / date-entity :year 2008 :month 10 :day 8)	(d / date-entity :year 2008 :month 10 :day 8)
47	"Generate an Abstract Meaning Representation (AMR) graph for the following sentence: 09/02/2010 13:25
AMR graph:"	"(d / date-entity :time ""13:25"" :day 9 :month 2 :year 2010)"	"(d / date-entity :year 2010 :month 9 :day 2 :time ""13:25"")"
48	"Generate an Abstract Meaning Representation (AMR) graph for the following sentence: The daily newspaper O Estado de Sao Paolo stated in an editorial the week of 20040718-20040824 -- the extreme measure raises ethical and juridical problems exceeding any potential benefits.
AMR graph:"	"(s / state-01
      :ARG0 (n / newspaper :wiki ""O_Estado_de_S._Paulo"" :name (n2 / name :op1 ""O"" :op2 ""Estado"" :op3 ""de"" :op4 ""Sao"" :op5 ""Paolo"")
            :frequency (r2 / rate-entity-91
                  :ARG3 (t / temporal-quantity :quant 1
                        :unit (d3 / day))))
      :ARG1 (r / raise-01
            :ARG0 (m / measure-02
                  :mod (e / extreme))
            :ARG1 (a / and
                  :op1 (p / problem
                        :topic (e2 / ethics)
                        :ARG0-of (e3 / exceed-01
                              :ARG1 (b / benefit-01
                                    :mod (p3 / potential)
                                    :mod (a2 / any))))
                  :op2 (p2 / problem
                        :topic (j / juridical)
                        :ARG0-of e3)))
      :medium (e4 / editorial)
      :time (w / week
            :mod (d4 / date-interval
                  :op1 (d / date-entity :year 2004 :month 7 :day 18)
                  :op2 (d2 / date-entity :year 2004 :month 7 :day 24))))"	"(s / state-01
  :ARG0 (n / newspaper
        :mod (d / daily)
        :name (n2 / name :op1 ""O"" :op2 ""Estado"" :op3 ""de"" :op4 ""Sao"" :op5 ""Paolo""))
  :ARG1 (c / cause-01
        :ARG0 (m / measure :mod (e / extreme))
        :ARG1 (p / problem
              :mod (e2 / ethic)
              :mod (l / law)
              :ARG1-of (e3 / exceed-01
                    :ARG2 (b / benefit :ARG1-of (p2 / possible-01)))))
  :medium (e4 / editorial)
  :time (i / date-interval
        :op1 (d1 / date-entity :year 2004 :month 7 :day 18)
        :op2 (d2 / date-entity :year 2004 :month 8 :day 24)))"
49	"Generate an Abstract Meaning Representation (AMR) graph for the following sentence: Tang stated that the SCO will pass a temporary pact on SCO's foreign policies at the meeting on 23 November 2002.
AMR graph:"	"(s / state-01
      :ARG0 (p / person :wiki ""Tang_Jiaxuan"" :name (n / name :op1 ""Tang""))
      :ARG1 (p2 / pass-01
            :ARG0 (o2 / organization :wiki ""Shanghai_Cooperation_Organisation"" :name (n3 / name :op1 ""SCO""))
            :ARG1 (p3 / pact
                  :mod (t / temporary)
                  :topic (p4 / policy-01
                        :ARG0 o2
                        :ARG2 (f / foreign)))
            :time (m / meet-03
                  :time (d / date-entity :day 23 :month 11 :year 2002))))"	"(s / say-01
  :ARG0 (p / person :wiki - :name (n / name :op1 ""Tang""))
  :ARG1 (a / adopt-01
    :ARG0 (o / organization :wiki - :name (n2 / name :op1 ""SCO""))
    :ARG1 (p2 / pact :mod (t2 / temporary)
      :topic (p3 / policy :mod (f / foreign) :poss o))
    :location (m / meet-03
      :time (d / date-entity :year 2002 :month 11 :day 23))))"
